身份证号码,出生日期,性别,年龄,出生地
130632196606166516,1966/6/16,男,58,河北省 保定市 安新县
130708198711118019,1987/11/11,男,37,河北省 张家口市 万全区
130706202302208415,2023/2/20,男,1,河北省 张家口市 下花园区
130630194905039590,1949/5/3,男,75,河北省 保定市 涞源县
130923197601273835,1976/1/27,男,48,河北省 沧州市 东光县
130821199512020570,1995/12/2,男,29,河北省 承德市 承德县
131081198511120456,1985/11/12,男,39,河北省 廊坊市 霸州市
130109198804078478,1988/4/7,男,36,河北省 石家庄市 藁城区
130708197405042891,1974/5/4,男,50,河北省 张家口市 万全区
130183200104182198,2001/4/18,男,23,河北省 石家庄市 晋州市
13082719700603133X,1970/6/3,男,54,河北省 承德市 宽城满族自治县
130630195603033315,1956/3/3,男,68,河北省 保定市 涞源县
130828200306178772,2003/6/17,男,21,河北省 承德市 围场满族蒙古族自治县
130425196204037717,1962/4/3,男,62,河北省 邯郸市 大名县
130130197604272598,1976/4/27,男,48,河北省 石家庄市 无极县
130924201810039653,2018/10/3,男,6,河北省 沧州市 海兴县
130435196007248876,1960/7/24,男,64,河北省 邯郸市 曲周县
130434199103119457,1991/3/11,男,33,河北省 邯郸市 魏县
130432200410060419,2004/10/6,男,20,河北省 邯郸市 广平县
130727196203081352,1962/3/8,男,62,河北省 张家口市 阳原县
130128195007124211,1950/7/12,男,74,河北省 石家庄市 深泽县
130129201105037212,2011/5/3,男,13,河北省 石家庄市 赞皇县
130404194711074693,1947/11/7,男,77,河北省 邯郸市 复兴区
130532199901021094,1999/1/2,男,25,河北省 邢台市 平乡县
13108120011221325X,2001/12/21,男,22,河北省 廊坊市 霸州市
130631199205113277,1992/5/11,男,32,河北省 保定市 望都县
130633198107233919,1981/7/23,男,43,河北省 保定市 易县
130427198908123113,1989/8/12,男,35,河北省 邯郸市 磁县
130128195904054719,1959/4/5,男,65,河北省 石家庄市 深泽县
130928194910265933,1949/10/26,男,75,河北省 沧州市 吴桥县
131122198801185173,1988/1/18,男,36,河北省 衡水市 武邑县
130725200910131570,2009/10/13,男,15,河北省 张家口市 尚义县
130609202202040698,2022/2/4,男,2,河北省 保定市 徐水区
130607200505265235,2005/5/26,男,19,河北省 保定市 满城区
130802194907230757,1949/7/23,男,75,河北省 承德市 双桥区
130526200312311315,2003/12/31,男,20,河北省 邢台市 任县
130826195706100257,1957/6/10,男,67,河北省 承德市 丰宁满族自治县
130925195212270554,1952/12/27,男,71,河北省 沧州市 盐山县
130534199611135336,1996/11/13,男,28,河北省 邢台市 清河县
130684196004221879,1960/4/22,男,64,河北省 保定市 高碑店市
130502198803197878,1988/3/19,男,36,河北省 邢台市 桥东区
130626201002279890,2010/2/27,男,14,河北省 保定市 定兴县
130481198207129879,1982/7/12,男,42,河北省 邯郸市 武安市
131025197211254553,1972/11/25,男,52,河北省 廊坊市 大城县
130930199002268834,1990/2/26,男,34,河北省 沧州市 孟村回族自治县
130283198001093577,1980/1/9,男,44,河北省 唐山市 迁安市
130105198002264759,1980/2/26,男,44,河北省 石家庄市 新华区
13070520050603735X,2005/6/3,男,19,河北省 张家口市 宣化区
130627201112220378,2011/12/22,男,12,河北省 保定市 唐县
13092519550421751X,1955/4/21,男,69,河北省 沧州市 盐山县
13088119760718935X,1976/7/18,男,48,河北省 承德市 平泉市
131103202308263537,2023/8/26,男,1,河北省 衡水市 冀州区
130705200006212174,2000/6/21,男,24,河北省 张家口市 宣化区
130628198108289737,1981/8/28,男,43,河北省 保定市 高阳县
130111196203137391,1962/3/13,男,62,河北省 石家庄市 栾城区
130636195309079679,1953/9/7,男,71,河北省 保定市 顺平县
130532198504131295,1985/4/13,男,39,河北省 邢台市 平乡县
130624196803297451,1968/3/29,男,56,河北省 保定市 阜平县
130108195603025134,1956/3/2,男,68,河北省 石家庄市 裕华区
130824197408016096,1974/8/1,男,50,河北省 承德市 滦平县
13112519770805427X,1977/8/5,男,47,河北省 衡水市 安平县
13042619820707501X,1982/7/7,男,42,河北省 邯郸市 涉县
130503196209275439,1962/9/27,男,62,河北省 邢台市 桥西区
130631196112023631,1961/12/2,男,63,河北省 保定市 望都县
130727198207197458,1982/7/19,男,42,河北省 张家口市 阳原县
130426195007153817,1950/7/15,男,74,河北省 邯郸市 涉县
130433198409125437,1984/9/12,男,40,河北省 邯郸市 馆陶县
130203198206128778,1982/6/12,男,42,河北省 唐山市 路北区
130127202202260071,2022/2/26,男,2,河北省 石家庄市 高邑县
131122198704085891,1987/4/8,男,37,河北省 衡水市 武邑县
13073220001021127X,2000/10/21,男,24,河北省 张家口市 赤城县
130631198302030719,1983/2/3,男,41,河北省 保定市 望都县
130324196803182156,1968/3/18,男,56,河北省 秦皇岛市 卢龙县
130427197605255851,1976/5/25,男,48,河北省 邯郸市 磁县
130703198206271555,1982/6/27,男,42,河北省 张家口市 桥西区
130111200608293076,2006/8/29,男,18,河北省 石家庄市 栾城区
130724201303123913,2013/3/12,男,11,河北省 张家口市 沽源县
130425200605028837,2006/5/2,男,18,河北省 邯郸市 大名县
131124198703262393,1987/3/26,男,37,河北省 衡水市 饶阳县
130684198708184016,1987/8/18,男,37,河北省 保定市 高碑店市
130306201302018359,2013/2/1,男,11,河北省 秦皇岛市 抚宁区
130481194701169050,1947/1/16,男,77,河北省 邯郸市 武安市
130527194512224898,1945/12/22,男,78,河北省 邢台市 南和县
130430201803084691,2018/3/8,男,6,河北省 邯郸市 邱县
130726196205144656,1962/5/14,男,62,河北省 张家口市 蔚县
130125195406210791,1954/6/21,男,70,河北省 石家庄市 行唐县
13072319820108457X,1982/1/8,男,42,河北省 张家口市 康保县
130902195411036651,1954/11/3,男,70,河北省 沧州市 新华区
130503199401281410,1994/1/28,男,30,河北省 邢台市 桥西区
130281201512040356,2015/12/4,男,9,河北省 唐山市 遵化市
130930199010270731,1990/10/27,男,34,河北省 沧州市 孟村回族自治县
130732201210047771,2012/10/4,男,12,河北省 张家口市 赤城县
130207197504181535,1975/4/18,男,49,河北省 唐山市 丰南区
130522195110160978,1951/10/16,男,73,河北省 邢台市 临城县
131023201901200575,2019/1/20,男,5,河北省 廊坊市 永清县
13098319510808339X,1951/8/8,男,73,河北省 沧州市 黄骅市
130109201109191318,2011/9/19,男,13,河北省 石家庄市 藁城区
130730201912216493,2019/12/21,男,4,河北省 张家口市 怀来县
131124201501207411,2015/1/20,男,9,河北省 衡水市 饶阳县
130638200410058238,2004/10/5,男,20,河北省 保定市 雄县
110109195201213557,1952/1/21,男,72,北京市 北京市辖区 门头沟区
110115201111255652,2011/11/25,男,13,北京市 北京市辖区 大兴区
110115200902233738,2009/2/23,男,15,北京市 北京市辖区 大兴区
110105201804084136,2018/4/8,男,6,北京市 北京市辖区 朝阳区
110114202001209813,2020/1/20,男,4,北京市 北京市辖区 昌平区
110109198202047355,1982/2/4,男,42,北京市 北京市辖区 门头沟区
110105198911222579,1989/11/22,男,35,北京市 北京市辖区 朝阳区
110115194509051219,1945/9/5,男,79,北京市 北京市辖区 大兴区
11010919531110823X,1953/11/10,男,71,北京市 北京市辖区 门头沟区
110112197007260533,1970/7/26,男,54,北京市 北京市辖区 通州区
110101199203218535,1992/3/21,男,32,北京市 北京市辖区 东城区
110111200703037659,2007/3/3,男,17,北京市 北京市辖区 房山区
110113196903210616,1969/3/21,男,55,北京市 北京市辖区 顺义区
110116200608233557,2006/8/23,男,18,北京市 北京市辖区 怀柔区
110105199206280399,1992/6/28,男,32,北京市 北京市辖区 朝阳区
110117201709293533,2017/9/29,男,7,北京市 北京市辖区 平谷区
110112194607054510,1946/7/5,男,78,北京市 北京市辖区 通州区
110105200012024392,2000/12/2,男,24,北京市 北京市辖区 朝阳区
110114197507291136,1975/7/29,男,49,北京市 北京市辖区 昌平区
110106196911099539,1969/11/9,男,55,北京市 北京市辖区 丰台区
110113195309273513,1953/9/27,男,71,北京市 北京市辖区 顺义区
110113201309043476,2013/9/4,男,11,北京市 北京市辖区 顺义区
110108200406217217,2004/6/21,男,20,北京市 北京市辖区 海淀区
11011319930131987X,1993/1/31,男,31,北京市 北京市辖区 顺义区
110108196004258930,1960/4/25,男,64,北京市 北京市辖区 海淀区
11010520141124643X,2014/11/24,男,10,北京市 北京市辖区 朝阳区
110111200806148132,2008/6/14,男,16,北京市 北京市辖区 房山区
110117197906299898,1979/6/29,男,45,北京市 北京市辖区 平谷区
110119195201214632,1952/1/21,男,72,北京市 北京市辖区 延庆区
110113197310141912,1973/10/14,男,51,北京市 北京市辖区 顺义区
110117195812034179,1958/12/3,男,66,北京市 北京市辖区 平谷区
110102202110150819,2021/10/15,男,3,北京市 北京市辖区 西城区
110105195402063852,1954/2/6,男,70,北京市 北京市辖区 朝阳区
110107200505116335,2005/5/11,男,19,北京市 北京市辖区 石景山区
110117195601317670,1956/1/31,男,68,北京市 北京市辖区 平谷区
110105202404226419,2024/4/22,男,0,北京市 北京市辖区 朝阳区
110119198702205156,1987/2/20,男,37,北京市 北京市辖区 延庆区
110113198606108059,1986/6/10,男,38,北京市 北京市辖区 顺义区
110114199605262194,1996/5/26,男,28,北京市 北京市辖区 昌平区
110115200608096496,2006/8/9,男,18,北京市 北京市辖区 大兴区
110116198904038772,1989/4/3,男,35,北京市 北京市辖区 怀柔区
110105202011086339,2020/11/8,男,4,北京市 北京市辖区 朝阳区
110114201109224754,2011/9/22,男,13,北京市 北京市辖区 昌平区
110116198005222234,1980/5/22,男,44,北京市 北京市辖区 怀柔区
11011319910220499X,1991/2/20,男,33,北京市 北京市辖区 顺义区
110119198008125551,1980/8/12,男,44,北京市 北京市辖区 延庆区
110109197605311910,1976/5/31,男,48,北京市 北京市辖区 门头沟区
110105196901170155,1969/1/17,男,55,北京市 北京市辖区 朝阳区
110117201207151279,2012/7/15,男,12,北京市 北京市辖区 平谷区
110112201405232035,2014/5/23,男,10,北京市 北京市辖区 通州区
110109197006271451,1970/6/27,男,54,北京市 北京市辖区 门头沟区
110113199902276895,1999/2/27,男,25,北京市 北京市辖区 顺义区
110113195911156950,1959/11/15,男,65,北京市 北京市辖区 顺义区
110114201012124933,2010/12/12,男,14,北京市 北京市辖区 昌平区
110102199011188139,1990/11/18,男,34,北京市 北京市辖区 西城区
110105198408243292,1984/8/24,男,40,北京市 北京市辖区 朝阳区
110114196110064678,1961/10/6,男,63,北京市 北京市辖区 昌平区
110114197508169239,1975/8/16,男,49,北京市 北京市辖区 昌平区
11011420210208161X,2021/2/8,男,3,北京市 北京市辖区 昌平区
110117200903266155,2009/3/26,男,15,北京市 北京市辖区 平谷区
110101200404232953,2004/4/23,男,20,北京市 北京市辖区 东城区
110102194609190695,1946/9/19,男,78,北京市 北京市辖区 西城区
110105200105300456,2001/5/30,男,23,北京市 北京市辖区 朝阳区
110114199602161355,1996/2/16,男,28,北京市 北京市辖区 昌平区
110117196205048573,1962/5/4,男,62,北京市 北京市辖区 平谷区
110101195807019571,1958/7/1,男,66,北京市 北京市辖区 东城区
11011119500628161X,1950/6/28,男,74,北京市 北京市辖区 房山区
110108199503144050,1995/3/14,男,29,北京市 北京市辖区 海淀区
110119197010212094,1970/10/21,男,54,北京市 北京市辖区 延庆区
110109195102082539,1951/2/8,男,73,北京市 北京市辖区 门头沟区
110117197207177613,1972/7/17,男,52,北京市 北京市辖区 平谷区
110105199005292051,1990/5/29,男,34,北京市 北京市辖区 朝阳区
110114195411095131,1954/11/9,男,70,北京市 北京市辖区 昌平区
110115196101235734,1961/1/23,男,63,北京市 北京市辖区 大兴区
110111196412077037,1964/12/7,男,60,北京市 北京市辖区 房山区
110112199805126733,1998/5/12,男,26,北京市 北京市辖区 通州区
110109200503309590,2005/3/30,男,19,北京市 北京市辖区 门头沟区
110111199102178733,1991/2/17,男,33,北京市 北京市辖区 房山区
110102197903161856,1979/3/16,男,45,北京市 北京市辖区 西城区
110115199607244973,1996/7/24,男,28,北京市 北京市辖区 大兴区
110105200908242974,2009/8/24,男,15,北京市 北京市辖区 朝阳区
110102196008111356,1960/8/11,男,64,北京市 北京市辖区 西城区
110113199402289358,1994/2/28,男,30,北京市 北京市辖区 顺义区
110111196207253652,1962/7/25,男,62,北京市 北京市辖区 房山区
110116201011248750,2010/11/24,男,14,北京市 北京市辖区 怀柔区
110114196601188173,1966/1/18,男,58,北京市 北京市辖区 昌平区
110112195007199577,1950/7/19,男,74,北京市 北京市辖区 通州区
110102199805162678,1998/5/16,男,26,北京市 北京市辖区 西城区
110119197302196399,1973/2/19,男,51,北京市 北京市辖区 延庆区
11011819601123717X,1960/11/23,男,64,北京市 北京市辖区 密云区
110108200212012192,2002/12/1,男,22,北京市 北京市辖区 海淀区
110118200704107537,2007/4/10,男,17,北京市 北京市辖区 密云区
110106197306111039,1973/6/11,男,51,北京市 北京市辖区 丰台区
110111194912292738,1949/12/29,男,74,北京市 北京市辖区 房山区
110108195009052654,1950/9/5,男,74,北京市 北京市辖区 海淀区
110107197707189079,1977/7/18,男,47,北京市 北京市辖区 石景山区
110105197812257157,1978/12/25,男,45,北京市 北京市辖区 朝阳区
11011820071012347X,2007/10/12,男,17,北京市 北京市辖区 密云区
110107201009261271,2010/9/26,男,14,北京市 北京市辖区 石景山区
110114194810199072,1948/10/19,男,76,北京市 北京市辖区 昌平区
140123199712265157,1997/12/26,男,26,山西省 太原市 娄烦县
141028195301146750,1953/1/14,男,71,山西省 临汾市 吉县
141002196209269599,1962/9/26,男,62,山西省 临汾市 尧都区
140427202409170290,2024/9/17,男,0,山西省 长治市 壶关县
141125199004144331,1990/4/14,男,34,山西省 吕梁市 柳林县
140110200701163319,2007/1/16,男,17,山西省 太原市 晋源区
140926199209245418,1992/9/24,男,32,山西省 忻州市 静乐县
140824198404044256,1984/4/4,男,40,山西省 运城市 稷山县
140121197001177212,1970/1/17,男,54,山西省 太原市 清徐县
140427200903292454,2009/3/29,男,15,山西省 长治市 壶关县
140828202206187074,2022/6/18,男,2,山西省 运城市 夏县
141028202201305737,2022/1/30,男,2,山西省 临汾市 吉县
140226196510030617,1965/10/3,男,59,山西省 大同市 左云县
141126202309215330,2023/9/21,男,1,山西省 吕梁市 石楼县
140406202202209117,2022/2/20,男,2,山西省 长治市 潞城区
140928198904042952,1989/4/4,男,35,山西省 忻州市 五寨县
140722201409052294,2014/9/5,男,10,山西省 晋中市 左权县
141081196112078855,1961/12/7,男,63,山西省 临汾市 侯马市
141128195604230533,1956/4/23,男,68,山西省 吕梁市 方山县
140828200711294613,2007/11/29,男,17,山西省 运城市 夏县
14082319700620425X,1970/6/20,男,54,山西省 运城市 闻喜县
140722196105049295,1961/5/4,男,63,山西省 晋中市 左权县
141031201806160175,2018/6/16,男,6,山西省 临汾市 隰县
140728196510113893,1965/10/11,男,59,山西省 晋中市 平遥县
140723201311173174,2013/11/17,男,11,山西省 晋中市 和顺县
141123196802070350,1968/2/7,男,56,山西省 吕梁市 兴县
140924195705271411,1957/5/27,男,67,山西省 忻州市 繁峙县
140921198703286470,1987/3/28,男,37,山西省 忻州市 定襄县
14102620070925633X,2007/9/25,男,17,山西省 临汾市 安泽县
14042319701006485X,1970/10/6,男,54,山西省 长治市 襄垣县
140928197009109490,1970/9/10,男,54,山西省 忻州市 五寨县
141034201908041651,2019/8/4,男,5,山西省 临汾市 汾西县
140902198001148832,1980/1/14,男,44,山西省 忻州市 忻府区
140212199209255230,1992/9/25,男,32,山西省 大同市 新荣区
140502196302211558,1963/2/21,男,61,山西省 晋城市 城区
140524194807043552,1948/7/4,男,76,山西省 晋城市 陵川县
140922200305030898,2003/5/3,男,21,山西省 忻州市 五台县
140602194908160771,1949/8/16,男,75,山西省 朔州市 朔城区
140522195703294914,1957/3/29,男,67,山西省 晋城市 阳城县
14112519500216447X,1950/2/16,男,74,山西省 吕梁市 柳林县
141021199804241817,1998/4/24,男,26,山西省 临汾市 曲沃县
141025198705091834,1987/5/9,男,37,山西省 临汾市 古县
141023197901237450,1979/1/23,男,45,山西省 临汾市 襄汾县
140930198904112799,1989/4/11,男,35,山西省 忻州市 河曲县
141033197807254695,1978/7/25,男,46,山西省 临汾市 蒲县
140622199509178657,1995/9/17,男,29,山西省 朔州市 应县
140121196706302250,1967/6/30,男,57,山西省 太原市 清徐县
140322202306109019,2023/6/10,男,1,山西省 阳泉市 盂县
140524195605260238,1956/5/26,男,68,山西省 晋城市 陵川县
140425199112319632,1991/12/31,男,32,山西省 长治市 平顺县
140926199503258834,1995/3/25,男,29,山西省 忻州市 静乐县
140108200801202950,2008/1/20,男,16,山西省 太原市 尖草坪区
140932196211152513,1962/11/15,男,62,山西省 忻州市 偏关县
140981195612127012,1956/12/12,男,68,山西省 忻州市 原平市
141027194709309954,1947/9/30,男,77,山西省 临汾市 浮山县
140929198106099256,1981/6/9,男,43,山西省 忻州市 岢岚县
140981200304060251,2003/4/6,男,21,山西省 忻州市 原平市
141026197504023853,1975/4/2,男,49,山西省 临汾市 安泽县
140212198206031333,1982/6/3,男,42,山西省 大同市 新荣区
140829196902069133,1969/2/6,男,55,山西省 运城市 平陆县
140406198611170218,1986/11/17,男,38,山西省 长治市 潞城区
141129195701128895,1957/1/12,男,67,山西省 吕梁市 中阳县
140981195503277759,1955/3/27,男,69,山西省 忻州市 原平市
140222199410231911,1994/10/23,男,30,山西省 大同市 天镇县
140602201907041298,2019/7/4,男,5,山西省 朔州市 朔城区
140928195112154178,1951/12/15,男,73,山西省 忻州市 五寨县
141031198709210594,1987/9/21,男,37,山西省 临汾市 隰县
140107202006152053,2020/6/15,男,4,山西省 太原市 杏花岭区
140223195102170537,1951/2/17,男,73,山西省 大同市 广灵县
140423201205054255,2012/5/5,男,12,山西省 长治市 襄垣县
140924194705022277,1947/5/2,男,77,山西省 忻州市 繁峙县
140221194611073092,1946/11/7,男,78,山西省 大同市 阳高县
141081199705153156,1997/5/15,男,27,山西省 临汾市 侯马市
14010719861025257X,1986/10/25,男,38,山西省 太原市 杏花岭区
140221196305203572,1963/5/20,男,61,山西省 大同市 阳高县
140221196604034959,1966/4/3,男,58,山西省 大同市 阳高县
14082520140718241X,2014/7/18,男,10,山西省 运城市 新绛县
141024195904180231,1959/4/18,男,65,山西省 临汾市 洪洞县
14082920150325305X,2015/3/25,男,9,山西省 运城市 平陆县
140302197602043270,1976/2/4,男,48,山西省 阳泉市 城区
140981196404168359,1964/4/16,男,60,山西省 忻州市 原平市
141034202407135435,2024/7/13,男,0,山西省 临汾市 汾西县
141030201801044451,2018/1/4,男,6,山西省 临汾市 大宁县
141102197203104152,1972/3/10,男,52,山西省 吕梁市 离石区
140931199602149773,1996/2/14,男,28,山西省 忻州市 保德县
140303196509049039,1965/9/4,男,59,山西省 阳泉市 矿区
141182200708048471,2007/8/4,男,17,山西省 吕梁市 汾阳市
140721201101143951,2011/1/14,男,13,山西省 晋中市 榆社县
140823199105021896,1991/5/2,男,33,山西省 运城市 闻喜县
140603194603101072,1946/3/10,男,78,山西省 朔州市 平鲁区
140428201706114414,2017/6/11,男,7,山西省 长治市 长子县
140923201603019110,2016/3/1,男,8,山西省 忻州市 代县
140425196009114213,1960/9/11,男,64,山西省 长治市 平顺县
141030197408222558,1974/8/22,男,50,山西省 临汾市 大宁县
14012219710818809X,1971/8/18,男,53,山西省 太原市 阳曲县
140981194501160579,1945/1/16,男,79,山西省 忻州市 原平市
141032199112011470,1991/12/1,男,33,山西省 临汾市 永和县
140781200405261350,2004/5/26,男,20,山西省 晋中市 介休市
140924196007051491,1960/7/5,男,64,山西省 忻州市 繁峙县
141029196904204690,1969/4/20,男,55,山西省 临汾市 乡宁县
150105201012257112,2010/12/25,男,13,内蒙古自治区 呼和浩特市 赛罕区
152224200211181212,2002/11/18,男,22,内蒙古自治区 兴安盟 突泉县
150103201603078519,2016/3/7,男,8,内蒙古自治区 呼和浩特市 回民区
150524195702087053,1957/2/8,男,67,内蒙古自治区 通辽市 库伦旗
150981196212103130,1962/12/10,男,62,内蒙古自治区 乌兰察布市 丰镇市
150221200404305970,2004/4/30,男,20,内蒙古自治区 包头市 土默特右旗
15010519720423985X,1972/4/23,男,52,内蒙古自治区 呼和浩特市 赛罕区
150302197702264195,1977/2/26,男,47,内蒙古自治区 乌海市 海勃湾区
152524201004039994,2010/4/3,男,14,内蒙古自治区 锡林郭勒盟 苏尼特右旗
150924194905262971,1949/5/26,男,75,内蒙古自治区 乌兰察布市 兴和县
150927197311139258,1973/11/13,男,51,内蒙古自治区 乌兰察布市 察哈尔右翼中旗
150124197903252497,1979/3/25,男,45,内蒙古自治区 呼和浩特市 清水河县
150121199712040053,1997/12/4,男,27,内蒙古自治区 呼和浩特市 土默特左旗
152524194805131798,1948/5/13,男,76,内蒙古自治区 锡林郭勒盟 苏尼特右旗
150621197311032675,1973/11/3,男,51,内蒙古自治区 鄂尔多斯市 达拉特旗
150203198012237857,1980/12/23,男,43,内蒙古自治区 包头市 昆都仑区
152528195612031336,1956/12/3,男,68,内蒙古自治区 锡林郭勒盟 镶黄旗
150782200209151515,2002/9/15,男,22,内蒙古自治区 呼伦贝尔市 牙克石市
150523199910020998,1999/10/2,男,25,内蒙古自治区 通辽市 开鲁县
150524197603312197,1976/3/31,男,48,内蒙古自治区 通辽市 库伦旗
152202200905222797,2009/5/22,男,15,内蒙古自治区 兴安盟 阿尔山市
15222220081129893X,2008/11/29,男,16,内蒙古自治区 兴安盟 科尔沁右翼中旗
15220119821028483X,1982/10/28,男,42,内蒙古自治区 兴安盟 乌兰浩特市
150785195011245394,1950/11/24,男,74,内蒙古自治区 呼伦贝尔市 根河市
152525202411024256,2024/11/2,男,0,内蒙古自治区 锡林郭勒盟 东乌珠穆沁旗
152223201609211010,2016/9/21,男,8,内蒙古自治区 兴安盟 扎赉特旗
150102199603152292,1996/3/15,男,28,内蒙古自治区 呼和浩特市 新城区
150825199508026653,1995/8/2,男,29,内蒙古自治区 巴彦淖尔市 乌拉特后旗
150202202407062433,2024/7/6,男,0,内蒙古自治区 包头市 东河区
150206195504166974,1955/4/16,男,69,内蒙古自治区 包头市 白云鄂博矿区
150702195001309832,1950/1/30,男,74,内蒙古自治区 呼伦贝尔市 海拉尔区
150424195602156597,1956/2/15,男,68,内蒙古自治区 赤峰市 林西县
15052419960402759X,1996/4/2,男,28,内蒙古自治区 通辽市 库伦旗
150785197601080699,1976/1/8,男,48,内蒙古自治区 呼伦贝尔市 根河市
150404197902188252,1979/2/18,男,45,内蒙古自治区 赤峰市 松山区
150221194802173696,1948/2/17,男,76,内蒙古自治区 包头市 土默特右旗
150207194607183330,1946/7/18,男,78,内蒙古自治区 包头市 九原区
15042419851123379X,1985/11/23,男,39,内蒙古自治区 赤峰市 林西县
150221198203049130,1982/3/4,男,42,内蒙古自治区 包头市 土默特右旗
150724201910089992,2019/10/8,男,5,内蒙古自治区 呼伦贝尔市 鄂温克族自治旗
150824195207319095,1952/7/31,男,72,内蒙古自治区 巴彦淖尔市 乌拉特中旗
150103198303151011,1983/3/15,男,41,内蒙古自治区 呼和浩特市 回民区
15052419650711847X,1965/7/11,男,59,内蒙古自治区 通辽市 库伦旗
150928200210070619,2002/10/7,男,22,内蒙古自治区 乌兰察布市 察哈尔右翼后旗
152502201905061576,2019/5/6,男,5,内蒙古自治区 锡林郭勒盟 锡林浩特市
152528200810151754,2008/10/15,男,16,内蒙古自治区 锡林郭勒盟 镶黄旗
150404198302277918,1983/2/27,男,41,内蒙古自治区 赤峰市 松山区
152222196602187353,1966/2/18,男,58,内蒙古自治区 兴安盟 科尔沁右翼中旗
150928195604202932,1956/4/20,男,68,内蒙古自治区 乌兰察布市 察哈尔右翼后旗
150202198509267174,1985/9/26,男,39,内蒙古自治区 包头市 东河区
150303197304299217,1973/4/29,男,51,内蒙古自治区 乌海市 海南区
150523199004130511,1990/4/13,男,34,内蒙古自治区 通辽市 开鲁县
150421200407217459,2004/7/21,男,20,内蒙古自治区 赤峰市 阿鲁科尔沁旗
150303200207061674,2002/7/6,男,22,内蒙古自治区 乌海市 海南区
15092819840511161X,1984/5/11,男,40,内蒙古自治区 乌兰察布市 察哈尔右翼后旗
150581199001137113,1990/1/13,男,34,内蒙古自治区 通辽市 霍林郭勒市
150522200411277130,2004/11/27,男,20,内蒙古自治区 通辽市 科尔沁左翼后旗
150825198205258831,1982/5/25,男,42,内蒙古自治区 巴彦淖尔市 乌拉特后旗
150625197910031530,1979/10/3,男,45,内蒙古自治区 鄂尔多斯市 杭锦旗
150923200012041954,2000/12/4,男,24,内蒙古自治区 乌兰察布市 商都县
15082419470506449X,1947/5/6,男,77,内蒙古自治区 巴彦淖尔市 乌拉特中旗
15012120110830565X,2011/8/30,男,13,内蒙古自治区 呼和浩特市 土默特左旗
150524197306214195,1973/6/21,男,51,内蒙古自治区 通辽市 库伦旗
150222195903236677,1959/3/23,男,65,内蒙古自治区 包头市 固阳县
150125198306033078,1983/6/3,男,41,内蒙古自治区 呼和浩特市 武川县
150921196501124791,1965/1/12,男,59,内蒙古自治区 乌兰察布市 卓资县
150723198608194619,1986/8/19,男,38,内蒙古自治区 呼伦贝尔市 鄂伦春自治旗
152224199707273078,1997/7/27,男,27,内蒙古自治区 兴安盟 突泉县
152501198207309078,1982/7/30,男,42,内蒙古自治区 锡林郭勒盟 二连浩特市
150826197106134050,1971/6/13,男,53,内蒙古自治区 巴彦淖尔市 杭锦后旗
150626201205216519,2012/5/21,男,12,内蒙古自治区 鄂尔多斯市 乌审旗
150624197604233373,1976/4/23,男,48,内蒙古自治区 鄂尔多斯市 鄂托克旗
150123197609035815,1976/9/3,男,48,内蒙古自治区 呼和浩特市 和林格尔县
150302197904118938,1979/4/11,男,45,内蒙古自治区 乌海市 海勃湾区
152223199802212250,1998/2/21,男,26,内蒙古自治区 兴安盟 扎赉特旗
150726202203305614,2022/3/30,男,2,内蒙古自治区 呼伦贝尔市 新巴尔虎左旗
150526201108238112,2011/8/23,男,13,内蒙古自治区 通辽市 扎鲁特旗
152523194807261194,1948/7/26,男,76,内蒙古自治区 锡林郭勒盟 苏尼特左旗
150921195210034759,1952/10/3,男,72,内蒙古自治区 乌兰察布市 卓资县
150423199009042873,1990/9/4,男,34,内蒙古自治区 赤峰市 巴林右旗
152526201506247016,2015/6/24,男,9,内蒙古自治区 锡林郭勒盟 西乌珠穆沁旗
152525201712018373,2017/12/1,男,7,内蒙古自治区 锡林郭勒盟 东乌珠穆沁旗
150626201105311332,2011/5/31,男,13,内蒙古自治区 鄂尔多斯市 乌审旗
150923197311275115,1973/11/27,男,51,内蒙古自治区 乌兰察布市 商都县
152502197701254916,1977/1/25,男,47,内蒙古自治区 锡林郭勒盟 锡林浩特市
150727199406090272,1994/6/9,男,30,内蒙古自治区 呼伦贝尔市 新巴尔虎右旗
150703195201245294,1952/1/24,男,72,内蒙古自治区 呼伦贝尔市 扎赉诺尔区
150723199609150030,1996/9/15,男,28,内蒙古自治区 呼伦贝尔市 鄂伦春自治旗
15030419900512317X,1990/5/12,男,34,内蒙古自治区 乌海市 乌达区
15052119610315255X,1961/3/15,男,63,内蒙古自治区 通辽市 科尔沁左翼中旗
152528194912117372,1949/12/11,男,75,内蒙古自治区 锡林郭勒盟 镶黄旗
150724200601101973,2006/1/10,男,18,内蒙古自治区 呼伦贝尔市 鄂温克族自治旗
152527202208126575,2022/8/12,男,2,内蒙古自治区 锡林郭勒盟 太仆寺旗
150782196602026033,1966/2/2,男,58,内蒙古自治区 呼伦贝尔市 牙克石市
152531196204121634,1962/4/12,男,62,内蒙古自治区 锡林郭勒盟 多伦县
150625196506133151,1965/6/13,男,59,内蒙古自治区 鄂尔多斯市 杭锦旗
150525199909282416,1999/9/28,男,25,内蒙古自治区 通辽市 奈曼旗
150121200206309115,2002/6/30,男,22,内蒙古自治区 呼和浩特市 土默特左旗
150402198907257298,1989/7/25,男,35,内蒙古自治区 赤峰市 红山区
15252420110218647X,2011/2/18,男,13,内蒙古自治区 锡林郭勒盟 苏尼特右旗
210103199503080378,1995/3/8,男,29,辽宁省 沈阳市 沈河区
210402196904195359,1969/4/19,男,55,辽宁省 抚顺市 新抚区
210727198412288930,1984/12/28,男,39,辽宁省 锦州市 义县
210402197508280513,1975/8/28,男,49,辽宁省 抚顺市 新抚区
210421200307180077,2003/7/18,男,21,辽宁省 抚顺市 抚顺县
21132119851225419X,1985/12/25,男,38,辽宁省 朝阳市 朝阳县
211303196705269839,1967/5/26,男,57,辽宁省 朝阳市 龙城区
21078120241114289X,2024/11/14,男,0,辽宁省 锦州市 凌海市
210624197202037173,1972/2/3,男,52,辽宁省 丹东市 宽甸满族自治县
211381202012295935,2020/12/29,男,3,辽宁省 朝阳市 北票市
210682198308242536,1983/8/24,男,41,辽宁省 丹东市 凤城市
210124197909055992,1979/9/5,男,45,辽宁省 沈阳市 法库县
21140219590511385X,1959/5/11,男,65,辽宁省 葫芦岛市 连山区
211382199511251939,1995/11/25,男,29,辽宁省 朝阳市 凌源市
211003200202149870,2002/2/14,男,22,辽宁省 辽阳市 文圣区
210214201812199131,2018/12/19,男,5,辽宁省 大连市 普兰店区
21078119740628075X,1974/6/28,男,50,辽宁省 锦州市 凌海市
210283195005142379,1950/5/14,男,74,辽宁省 大连市 庄河市
210212201207161298,2012/7/16,男,12,辽宁省 大连市 旅顺口区
211303199901096211,1999/1/9,男,25,辽宁省 朝阳市 龙城区
210123195811112551,1958/11/11,男,66,辽宁省 沈阳市 康平县
21060220030118903X,2003/1/18,男,21,辽宁省 丹东市 元宝区
210105201211073857,2012/11/7,男,12,辽宁省 沈阳市 皇姑区
211224198402015730,1984/2/1,男,40,辽宁省 铁岭市 昌图县
211324197004219712,1970/4/21,男,54,辽宁省 朝阳市 喀喇沁左翼蒙古族自治县
211404200204172212,2002/4/17,男,22,辽宁省 葫芦岛市 南票区
210881197702061178,1977/2/6,男,47,辽宁省 营口市 盖州市
211321198810269875,1988/10/26,男,36,辽宁省 朝阳市 朝阳县
210522194809052810,1948/9/5,男,76,辽宁省 本溪市 桓仁满族自治县
21078219520822739X,1952/8/22,男,72,辽宁省 锦州市 北镇市
210304202109205533,2021/9/20,男,3,辽宁省 鞍山市 立山区
210106197804253412,1978/4/25,男,46,辽宁省 沈阳市 铁西区
21088219840522631X,1984/5/22,男,40,辽宁省 营口市 大石桥市
211302197909268879,1979/9/26,男,45,辽宁省 朝阳市 双塔区
21120420040106317X,2004/1/6,男,20,辽宁省 铁岭市 清河区
210321199907311674,1999/7/31,男,25,辽宁省 鞍山市 台安县
211402196610224792,1966/10/22,男,58,辽宁省 葫芦岛市 连山区
210902200603061919,2006/3/6,男,18,辽宁省 阜新市 海州区
211223201603016375,2016/3/1,男,8,辽宁省 铁岭市 西丰县
211302200205203596,2002/5/20,男,22,辽宁省 朝阳市 双塔区
210782198101229110,1981/1/22,男,43,辽宁省 锦州市 北镇市
210106202405156774,2024/5/15,男,0,辽宁省 沈阳市 铁西区
21030419600716981X,1960/7/16,男,64,辽宁省 鞍山市 立山区
210105195005212678,1950/5/21,男,74,辽宁省 沈阳市 皇姑区
210202200805304757,2008/5/30,男,16,辽宁省 大连市 中山区
210504196405031155,1964/5/3,男,60,辽宁省 本溪市 明山区
210502196701127618,1967/1/12,男,57,辽宁省 本溪市 平山区
211481197207252590,1972/7/25,男,52,辽宁省 葫芦岛市 兴城市
21050320040920567X,2004/9/20,男,20,辽宁省 本溪市 溪湖区
211381201811203836,2018/11/20,男,6,辽宁省 朝阳市 北票市
211403200207316676,2002/7/31,男,22,辽宁省 葫芦岛市 龙港区
211404199412140332,1994/12/14,男,30,辽宁省 葫芦岛市 南票区
21122119651221883X,1965/12/21,男,58,辽宁省 铁岭市 铁岭县
210181200412203576,2004/12/20,男,19,辽宁省 沈阳市 新民市
211102200711090212,2007/11/9,男,17,辽宁省 盘锦市 双台子区
211103194504170218,1945/4/17,男,79,辽宁省 盘锦市 兴隆台区
210423195112238071,1951/12/23,男,72,辽宁省 抚顺市 清原满族自治县
210602197707161737,1977/7/16,男,47,辽宁省 丹东市 元宝区
210602200109224376,2001/9/22,男,23,辽宁省 丹东市 元宝区
210921194511046675,1945/11/4,男,79,辽宁省 阜新市 阜新蒙古族自治县
210214197303252599,1973/3/25,男,51,辽宁省 大连市 普兰店区
211102201702180317,2017/2/18,男,7,辽宁省 盘锦市 双台子区
210681200309191631,2003/9/19,男,21,辽宁省 丹东市 东港市
21070220150815247X,2015/8/15,男,9,辽宁省 锦州市 古塔区
210904198210041936,1982/10/4,男,42,辽宁省 阜新市 太平区
210311195010097457,1950/10/9,男,74,辽宁省 鞍山市 千山区
21011219470605419X,1947/6/5,男,77,辽宁省 沈阳市 浑南区
210911200006275579,2000/6/27,男,24,辽宁省 阜新市 细河区
211324202207015318,2022/7/1,男,2,辽宁省 朝阳市 喀喇沁左翼蒙古族自治县
211303196509124632,1965/9/12,男,59,辽宁省 朝阳市 龙城区
211223196209115996,1962/9/11,男,62,辽宁省 铁岭市 西丰县
210905200801127797,2008/1/12,男,16,辽宁省 阜新市 清河门区
210106196106307511,1961/6/30,男,63,辽宁省 沈阳市 铁西区
210505199507014356,1995/7/1,男,29,辽宁省 本溪市 南芬区
210602202001220137,2020/1/22,男,4,辽宁省 丹东市 元宝区
210402197210282751,1972/10/28,男,52,辽宁省 抚顺市 新抚区
211103201701064070,2017/1/6,男,7,辽宁省 盘锦市 兴隆台区
211422195203251997,1952/3/25,男,72,辽宁省 葫芦岛市 建昌县
21132219790823981X,1979/8/23,男,45,辽宁省 朝阳市 建平县
210202202210075712,2022/10/7,男,2,辽宁省 大连市 中山区
210803198902197331,1989/2/19,男,35,辽宁省 营口市 西市区
21140419770714805X,1977/7/14,男,47,辽宁省 葫芦岛市 南票区
210682200609172172,2006/9/17,男,18,辽宁省 丹东市 凤城市
210224196109207039,1961/9/20,男,63,辽宁省 大连市 长海县
210921200705166913,2007/5/16,男,17,辽宁省 阜新市 阜新蒙古族自治县
210303202111290793,2021/11/29,男,3,辽宁省 鞍山市 铁西区
211381199201179250,1992/1/17,男,32,辽宁省 朝阳市 北票市
210402197101035073,1971/1/3,男,53,辽宁省 抚顺市 新抚区
211403197803094075,1978/3/9,男,46,辽宁省 葫芦岛市 龙港区
210903195807192796,1958/7/19,男,66,辽宁省 阜新市 新邱区
210682199402264373,1994/2/26,男,30,辽宁省 丹东市 凤城市
211404194905239258,1949/5/23,男,75,辽宁省 葫芦岛市 南票区
210503201512010517,2015/12/1,男,9,辽宁省 本溪市 溪湖区
210214198808309639,1988/8/30,男,36,辽宁省 大连市 普兰店区
21070319560318673X,1956/3/18,男,68,辽宁省 锦州市 凌河区
21030319611125089X,1961/11/25,男,63,辽宁省 鞍山市 铁西区
210103200311299178,2003/11/29,男,21,辽宁省 沈阳市 沈河区
210881200011272878,2000/11/27,男,24,辽宁省 营口市 盖州市
210502196406238817,1964/6/23,男,60,辽宁省 本溪市 平山区
210214199004030370,1990/4/3,男,34,辽宁省 大连市 普兰店区
310112195611256598,1956/11/25,男,68,上海市 上海市辖区 闵行区
310116198702115896,1987/2/11,男,37,上海市 上海市辖区 金山区
310105195405228330,1954/5/22,男,70,上海市 上海市辖区 长宁区
310115200104145511,2001/4/14,男,23,上海市 上海市辖区 浦东新区
31015120130218401X,2013/2/18,男,11,上海市 上海市辖区 崇明区
31010119630103141X,1963/1/3,男,61,上海市 上海市辖区 黄浦区
310113196307164470,1963/7/16,男,61,上海市 上海市辖区 宝山区
310118198403091639,1984/3/9,男,40,上海市 上海市辖区 青浦区
310105197509140295,1975/9/14,男,49,上海市 上海市辖区 长宁区
310112195503212758,1955/3/21,男,69,上海市 上海市辖区 闵行区
310105200309106070,2003/9/10,男,21,上海市 上海市辖区 长宁区
31010619610330217X,1961/3/30,男,63,上海市 上海市辖区 静安区
310109200211283314,2002/11/28,男,22,上海市 上海市辖区 虹口区
310114195711151331,1957/11/15,男,67,上海市 上海市辖区 嘉定区
310106201212137912,2012/12/13,男,12,上海市 上海市辖区 静安区
310104199002153735,1990/2/15,男,34,上海市 上海市辖区 徐汇区
310118196705014015,1967/5/1,男,57,上海市 上海市辖区 青浦区
310104196704030779,1967/4/3,男,57,上海市 上海市辖区 徐汇区
31010619801002013X,1980/10/2,男,44,上海市 上海市辖区 静安区
310113201101258037,2011/1/25,男,13,上海市 上海市辖区 宝山区
310113197809149339,1978/9/14,男,46,上海市 上海市辖区 宝山区
310112201607109390,2016/7/10,男,8,上海市 上海市辖区 闵行区
31011519840625203X,1984/6/25,男,40,上海市 上海市辖区 浦东新区
310101197612069452,1976/12/6,男,48,上海市 上海市辖区 黄浦区
310101202010133297,2020/10/13,男,4,上海市 上海市辖区 黄浦区
310118202108060433,2021/8/6,男,3,上海市 上海市辖区 青浦区
310151199209125015,1992/9/12,男,32,上海市 上海市辖区 崇明区
310106197409175278,1974/9/17,男,50,上海市 上海市辖区 静安区
310104198906185196,1989/6/18,男,35,上海市 上海市辖区 徐汇区
310151201509210617,2015/9/21,男,9,上海市 上海市辖区 崇明区
310110197711224899,1977/11/22,男,47,上海市 上海市辖区 杨浦区
310115199308184517,1993/8/18,男,31,上海市 上海市辖区 浦东新区
31011219930813801X,1993/8/13,男,31,上海市 上海市辖区 闵行区
310104201911075578,2019/11/7,男,5,上海市 上海市辖区 徐汇区
310117201606260031,2016/6/26,男,8,上海市 上海市辖区 松江区
310110197411088514,1974/11/8,男,50,上海市 上海市辖区 杨浦区
310104197908192256,1979/8/19,男,45,上海市 上海市辖区 徐汇区
310104196101045779,1961/1/4,男,63,上海市 上海市辖区 徐汇区
310120200607284258,2006/7/28,男,18,上海市 上海市辖区 奉贤区
310113200405065790,2004/5/6,男,20,上海市 上海市辖区 宝山区
310109195009245257,1950/9/24,男,74,上海市 上海市辖区 虹口区
310117200110245511,2001/10/24,男,23,上海市 上海市辖区 松江区
310117194501254775,1945/1/25,男,79,上海市 上海市辖区 松江区
310120194907224013,1949/7/22,男,75,上海市 上海市辖区 奉贤区
31011619930815009X,1993/8/15,男,31,上海市 上海市辖区 金山区
310120200805222533,2008/5/22,男,16,上海市 上海市辖区 奉贤区
310115199308241956,1993/8/24,男,31,上海市 上海市辖区 浦东新区
310104201408104159,2014/8/10,男,10,上海市 上海市辖区 徐汇区
310117201004066792,2010/4/6,男,14,上海市 上海市辖区 松江区
310151199712190498,1997/12/19,男,26,上海市 上海市辖区 崇明区
310115196109305554,1961/9/30,男,63,上海市 上海市辖区 浦东新区
310106197806101096,1978/6/10,男,46,上海市 上海市辖区 静安区
310110200106273152,2001/6/27,男,23,上海市 上海市辖区 杨浦区
310118197306037038,1973/6/3,男,51,上海市 上海市辖区 青浦区
310151195703300378,1957/3/30,男,67,上海市 上海市辖区 崇明区
31011620240922649X,2024/9/22,男,0,上海市 上海市辖区 金山区
310105201001129473,2010/1/12,男,14,上海市 上海市辖区 长宁区
31010920101201233X,2010/12/1,男,14,上海市 上海市辖区 虹口区
310110197212262890,1972/12/26,男,51,上海市 上海市辖区 杨浦区
310109199106290330,1991/6/29,男,33,上海市 上海市辖区 虹口区
310109196110220913,1961/10/22,男,63,上海市 上海市辖区 虹口区
310112197312178074,1973/12/17,男,51,上海市 上海市辖区 闵行区
310120198509209633,1985/9/20,男,39,上海市 上海市辖区 奉贤区
310116201708285057,2017/8/28,男,7,上海市 上海市辖区 金山区
31010519980719811X,1998/7/19,男,26,上海市 上海市辖区 长宁区
310118195201040418,1952/1/4,男,72,上海市 上海市辖区 青浦区
310104199605061514,1996/5/6,男,28,上海市 上海市辖区 徐汇区
310114197008165677,1970/8/16,男,54,上海市 上海市辖区 嘉定区
310118202209029910,2022/9/2,男,2,上海市 上海市辖区 青浦区
310115198503270256,1985/3/27,男,39,上海市 上海市辖区 浦东新区
310107199510064033,1995/10/6,男,29,上海市 上海市辖区 普陀区
310112197103052432,1971/3/5,男,53,上海市 上海市辖区 闵行区
310106194912197112,1949/12/19,男,74,上海市 上海市辖区 静安区
310112195807187918,1958/7/18,男,66,上海市 上海市辖区 闵行区
310104196209010797,1962/9/1,男,62,上海市 上海市辖区 徐汇区
310110194811094231,1948/11/9,男,76,上海市 上海市辖区 杨浦区
31010519480502085X,1948/5/2,男,76,上海市 上海市辖区 长宁区
310120202409113756,2024/9/11,男,0,上海市 上海市辖区 奉贤区
310120200706096535,2007/6/9,男,17,上海市 上海市辖区 奉贤区
310109195209120416,1952/9/12,男,72,上海市 上海市辖区 虹口区
310112194509302514,1945/9/30,男,79,上海市 上海市辖区 闵行区
310101201804149958,2018/4/14,男,6,上海市 上海市辖区 黄浦区
310107201304110430,2013/4/11,男,11,上海市 上海市辖区 普陀区
310109201611027955,2016/11/2,男,8,上海市 上海市辖区 虹口区
310107198511281019,1985/11/28,男,39,上海市 上海市辖区 普陀区
310110194701132698,1947/1/13,男,77,上海市 上海市辖区 杨浦区
310106197206239593,1972/6/23,男,52,上海市 上海市辖区 静安区
31011720070116617X,2007/1/16,男,17,上海市 上海市辖区 松江区
310105196705021977,1967/5/2,男,57,上海市 上海市辖区 长宁区
310105194602196599,1946/2/19,男,78,上海市 上海市辖区 长宁区
310151194701149075,1947/1/14,男,77,上海市 上海市辖区 崇明区
310110199907181631,1999/7/18,男,25,上海市 上海市辖区 杨浦区
310116201101148371,2011/1/14,男,13,上海市 上海市辖区 金山区
310105194702207195,1947/2/20,男,77,上海市 上海市辖区 长宁区
31010920101222253X,2010/12/22,男,13,上海市 上海市辖区 虹口区
310115194907256196,1949/7/25,男,75,上海市 上海市辖区 浦东新区
310106196506116291,1965/6/11,男,59,上海市 上海市辖区 静安区
310112198111035776,1981/11/3,男,43,上海市 上海市辖区 闵行区
310104199504136417,1995/4/13,男,29,上海市 上海市辖区 徐汇区
310117197308081896,1973/8/8,男,51,上海市 上海市辖区 松江区
320803200508099616,2005/8/9,男,19,江苏省 淮安市 淮安区
320724195804227291,1958/4/22,男,66,江苏省 连云港市 灌南县
32118319620531875X,1962/5/31,男,62,江苏省 镇江市 句容市
32082619751212225X,1975/12/12,男,49,江苏省 淮安市 涟水县
320481201903054612,2019/3/5,男,5,江苏省 常州市 溧阳市
320981201904251877,2019/4/25,男,5,江苏省 盐城市 东台市
321081198710109810,1987/10/10,男,37,江苏省 扬州市 仪征市
320722194909099954,1949/9/9,男,75,江苏省 连云港市 东海县
320826198907294237,1989/7/29,男,35,江苏省 淮安市 涟水县
320682195010083255,1950/10/8,男,74,江苏省 南通市 如皋市
320981201409118956,2014/9/11,男,10,江苏省 盐城市 东台市
320509194706220097,1947/6/22,男,77,江苏省 苏州市 吴江区
32092419640924111X,1964/9/24,男,60,江苏省 盐城市 射阳县
320481195005170672,1950/5/17,男,74,江苏省 常州市 溧阳市
320585201004229213,2010/4/22,男,14,江苏省 苏州市 太仓市
321023200611051250,2006/11/5,男,18,江苏省 扬州市 宝应县
321112197502222972,1975/2/22,男,49,江苏省 镇江市 丹徒区
320114196411153454,1964/11/15,男,60,江苏省 南京市 雨花台区
320302197806031259,1978/6/3,男,46,江苏省 徐州市 鼓楼区
320803197804047138,1978/4/4,男,46,江苏省 淮安市 淮安区
321181202105210958,2021/5/21,男,3,江苏省 镇江市 丹阳市
321324199703155310,1997/3/15,男,27,江苏省 宿迁市 泗洪县
320305196404210814,1964/4/21,男,60,江苏省 徐州市 贾汪区
320804202412160297,2024/12/16,男,0,江苏省 淮安市 淮阴区
320412196908188373,1969/8/18,男,55,江苏省 常州市 武进区
321311202001219730,2020/1/21,男,4,江苏省 宿迁市 宿豫区
320582202109067113,2021/9/6,男,3,江苏省 苏州市 张家港市
321081194711026154,1947/11/2,男,77,江苏省 扬州市 仪征市
320114199503150238,1995/3/15,男,29,江苏省 南京市 雨花台区
321324201510306039,2015/10/30,男,9,江苏省 宿迁市 泗洪县
320509201809167113,2018/9/16,男,6,江苏省 苏州市 吴江区
32070719601028089X,1960/10/28,男,64,江苏省 连云港市 赣榆区
320581195703252435,1957/3/25,男,67,江苏省 苏州市 常熟市
320703196907196013,1969/7/19,男,55,江苏省 连云港市 连云区
320830194708047758,1947/8/4,男,77,江苏省 淮安市 盱眙县
321088200601149172,2006/1/14,男,18,江苏省 扬州市 江都市
320923201403186014,2014/3/18,男,10,江苏省 盐城市 阜宁县
320902201512226538,2015/12/22,男,8,江苏省 盐城市 亭湖区
32030219511227517X,1951/12/27,男,72,江苏省 徐州市 鼓楼区
320382194503225951,1945/3/22,男,79,江苏省 徐州市 邳州市
32132320001025899X,2000/10/25,男,24,江苏省 宿迁市 泗阳县
320506195905221135,1959/5/22,男,65,江苏省 苏州市 吴中区
320921195802112257,1958/2/11,男,66,江苏省 盐城市 响水县
320305195710080777,1957/10/8,男,67,江苏省 徐州市 贾汪区
320903201303101911,2013/3/10,男,11,江苏省 盐城市 盐都区
320281199907311873,1999/7/31,男,25,江苏省 无锡市 江阴市
32070719541007867X,1954/10/7,男,70,江苏省 连云港市 赣榆区
320302196506024255,1965/6/2,男,59,江苏省 徐州市 鼓楼区
320723195206069231,1952/6/6,男,72,江苏省 连云港市 灌云县
321281198403089355,1984/3/8,男,40,江苏省 泰州市 兴化市
320612196505117117,1965/5/11,男,59,江苏省 南通市 通州区
32011419651209983X,1965/12/9,男,59,江苏省 南京市 雨花台区
320116197007227578,1970/7/22,男,54,江苏省 南京市 六合区
320813200407147212,2004/7/14,男,20,江苏省 淮安市 洪泽区
320703201804132598,2018/4/13,男,6,江苏省 连云港市 连云区
320903196608199119,1966/8/19,男,58,江苏省 盐城市 盐都区
321023202312099579,2023/12/9,男,1,江苏省 扬州市 宝应县
320830195412095130,1954/12/9,男,70,江苏省 淮安市 盱眙县
320102200605020733,2006/5/2,男,18,江苏省 南京市 玄武区
321088195701030431,1957/1/3,男,67,江苏省 扬州市 江都市
320581198601089693,1986/1/8,男,38,江苏省 苏州市 常熟市
320114200504192355,2005/4/19,男,19,江苏省 南京市 雨花台区
320684196801159559,1968/1/15,男,56,江苏省 南通市 海门市
320611198808208297,1988/8/20,男,36,江苏省 南通市 港闸区
321202198212278879,1982/12/27,男,41,江苏省 泰州市 海陵区
320830197701285618,1977/1/28,男,47,江苏省 淮安市 盱眙县
320105197003022138,1970/3/2,男,54,江苏省 南京市 建邺区
320722198011017033,1980/11/1,男,44,江苏省 连云港市 东海县
320115201306193374,2013/6/19,男,11,江苏省 南京市 江宁区
320812198905156756,1989/5/15,男,35,江苏省 淮安市 清江浦区
321102195810235650,1958/10/23,男,66,江苏省 镇江市 京口区
320211201502210813,2015/2/21,男,9,江苏省 无锡市 滨湖区
320302201206039512,2012/6/3,男,12,江苏省 徐州市 鼓楼区
320804197602054950,1976/2/5,男,48,江苏省 淮安市 淮阴区
320303199003256070,1990/3/25,男,34,江苏省 徐州市 云龙区
320302196408046119,1964/8/4,男,60,江苏省 徐州市 鼓楼区
320831200109141034,2001/9/14,男,23,江苏省 淮安市 金湖县
320118199510109036,1995/10/10,男,29,江苏省 南京市 高淳区
321003200106153357,2001/6/15,男,23,江苏省 扬州市 邗江区
32050819810726943X,1981/7/26,男,43,江苏省 苏州市 姑苏区
320831194909289610,1949/9/28,男,75,江苏省 淮安市 金湖县
320581201210300273,2012/10/30,男,12,江苏省 苏州市 常熟市
320602194808276113,1948/8/27,男,76,江苏省 南通市 崇川区
320722199008025838,1990/8/2,男,34,江苏省 连云港市 东海县
320505200308306453,2003/8/30,男,21,江苏省 苏州市 虎丘区
32061219470120995X,1947/1/20,男,77,江苏省 南通市 通州区
320214201204280257,2012/4/28,男,12,江苏省 无锡市 新吴区
320505195509253454,1955/9/25,男,69,江苏省 苏州市 虎丘区
321202200012223734,2000/12/22,男,23,江苏省 泰州市 海陵区
320612197509215536,1975/9/21,男,49,江苏省 南通市 通州区
321181198506147516,1985/6/14,男,39,江苏省 镇江市 丹阳市
320925201501175434,2015/1/17,男,9,江苏省 盐城市 建湖县
321311196107184013,1961/7/18,男,63,江苏省 宿迁市 宿豫区
320114195612074395,1956/12/7,男,68,江苏省 南京市 雨花台区
32041219620303573X,1962/3/3,男,62,江苏省 常州市 武进区
321283195712125179,1957/12/12,男,67,江苏省 泰州市 泰兴市
320902201508017370,2015/8/1,男,9,江苏省 盐城市 亭湖区
320581202010034534,2020/10/3,男,4,江苏省 苏州市 常熟市
321283198601037575,1986/1/3,男,38,江苏省 泰州市 泰兴市
321181200212108116,2002/12/10,男,22,江苏省 镇江市 丹阳市
431027198111244639,1981/11/24,男,43,湖南省 郴州市 桂东县
43081119760714425X,1976/7/14,男,48,湖南省 张家界市 武陵源区
430422201211133534,2012/11/13,男,12,湖南省 衡阳市 衡南县
431226197002082693,1970/2/8,男,54,湖南省 怀化市 麻阳苗族自治县
431223201104168252,2011/4/16,男,13,湖南省 怀化市 辰溪县
430502196306082131,1963/6/8,男,61,湖南省 邵阳市 双清区
433125199208167499,1992/8/16,男,32,湖南省 湘西土家族苗族自治州 保靖县
433127195504039998,1955/4/3,男,69,湖南省 湘西土家族苗族自治州 永顺县
430181200505041159,2005/5/4,男,19,湖南省 长沙市 浏阳市
430603196503189896,1965/3/18,男,59,湖南省 岳阳市 云溪区
430321198711079312,1987/11/7,男,37,湖南省 湘潭市 湘潭县
431226196303166853,1963/3/16,男,61,湖南省 怀化市 麻阳苗族自治县
433123200101307677,2001/1/30,男,23,湖南省 湘西土家族苗族自治州 凤凰县
431382195602189854,1956/2/18,男,68,湖南省 娄底市 涟源市
431223199607013236,1996/7/1,男,28,湖南省 怀化市 辰溪县
430381200106152813,2001/6/15,男,23,湖南省 湘潭市 湘乡市
430212201704164191,2017/4/16,男,7,湖南省 株洲市 渌口区
43018119930416857X,1993/4/16,男,31,湖南省 长沙市 浏阳市
431302198912163731,1989/12/16,男,35,湖南省 娄底市 娄星区
430582198011271155,1980/11/27,男,44,湖南省 邵阳市 邵东市
430922194810273293,1948/10/27,男,76,湖南省 益阳市 桃江县
430822196406241314,1964/6/24,男,60,湖南省 张家界市 桑植县
431103201811302595,2018/11/30,男,6,湖南省 永州市 冷水滩区
43102520110608103X,2011/6/8,男,13,湖南省 郴州市 临武县
43020319520303591X,1952/3/3,男,72,湖南省 株洲市 芦淞区
430103198401222175,1984/1/22,男,40,湖南省 长沙市 天心区
430821196003256312,1960/3/25,男,64,湖南省 张家界市 慈利县
431081197605185230,1976/5/18,男,48,湖南省 郴州市 资兴市
431221202103125412,2021/3/12,男,3,湖南省 怀化市 中方县
433122196406100516,1964/6/10,男,60,湖南省 湘西土家族苗族自治州 泸溪县
431228198001259634,1980/1/25,男,44,湖南省 怀化市 芷江侗族自治县
433123200803084017,2008/3/8,男,16,湖南省 湘西土家族苗族自治州 凤凰县
430223201401098210,2014/1/9,男,10,湖南省 株洲市 攸县
43078119840914955X,1984/9/14,男,40,湖南省 常德市 津市市
431128197804114594,1978/4/11,男,46,湖南省 永州市 新田县
431321201607148651,2016/7/14,男,8,湖南省 娄底市 双峰县
431081199909117279,1999/9/11,男,25,湖南省 郴州市 资兴市
430722198005029439,1980/5/2,男,44,湖南省 常德市 汉寿县
430405201911278893,2019/11/27,男,5,湖南省 衡阳市 珠晖区
431126201901218316,2019/1/21,男,5,湖南省 永州市 宁远县
430523196705229593,1967/5/22,男,57,湖南省 邵阳市 邵阳县
430408201101065115,2011/1/6,男,13,湖南省 衡阳市 蒸湘区
430224196003142530,1960/3/14,男,64,湖南省 株洲市 茶陵县
433130198503153934,1985/3/15,男,39,湖南省 湘西土家族苗族自治州 龙山县
430481202211150136,2022/11/15,男,2,湖南省 衡阳市 耒阳市
430412197510026454,1975/10/2,男,49,湖南省 衡阳市 南岳区
430407200306207112,2003/6/20,男,21,湖南省 衡阳市 石鼓区
430602198805308494,1988/5/30,男,36,湖南省 岳阳市 岳阳楼区
430922196901257933,1969/1/25,男,55,湖南省 益阳市 桃江县
430412196204223535,1962/4/22,男,62,湖南省 衡阳市 南岳区
430281196709301238,1967/9/30,男,57,湖南省 株洲市 醴陵市
431102202304039436,2023/4/3,男,1,湖南省 永州市 零陵区
430923196409162218,1964/9/16,男,60,湖南省 益阳市 安化县
430682197907165858,1979/7/16,男,45,湖南省 岳阳市 临湘市
430811198503202552,1985/3/20,男,39,湖南省 张家界市 武陵源区
430302198403243679,1984/3/24,男,40,湖南省 湘潭市 雨湖区
430482196005033893,1960/5/3,男,64,湖南省 衡阳市 常宁市
430682196802134292,1968/2/13,男,56,湖南省 岳阳市 临湘市
430781197706268833,1977/6/26,男,47,湖南省 常德市 津市市
430182202412090731,2024/12/9,男,0,湖南省 长沙市 宁乡市
431227198711266736,1987/11/26,男,37,湖南省 怀化市 新晃侗族自治县
431127196310315133,1963/10/31,男,61,湖南省 永州市 蓝山县
431224198912184156,1989/12/18,男,34,湖南省 怀化市 溆浦县
43042620080410289X,2008/4/10,男,16,湖南省 衡阳市 祁东县
431281197102011635,1971/2/1,男,53,湖南省 怀化市 洪江市
430105201510293113,2015/10/29,男,9,湖南省 长沙市 开福区
43122419920120643X,1992/1/20,男,32,湖南省 怀化市 溆浦县
430524201206298017,2012/6/29,男,12,湖南省 邵阳市 隆回县
430424200111136699,2001/11/13,男,23,湖南省 衡阳市 衡东县
431103195108085738,1951/8/8,男,73,湖南省 永州市 冷水滩区
431202198011189015,1980/11/18,男,44,湖南省 怀化市 鹤城区
431025201205202538,2012/5/20,男,12,湖南省 郴州市 临武县
430406201912256916,2019/12/25,男,4,湖南省 衡阳市 雁峰区
430523197407244431,1974/7/24,男,50,湖南省 邵阳市 邵阳县
431382197804018294,1978/4/1,男,46,湖南省 娄底市 涟源市
431227198403170898,1984/3/17,男,40,湖南省 怀化市 新晃侗族自治县
430304201707185794,2017/7/18,男,7,湖南省 湘潭市 岳塘区
430482195405159335,1954/5/15,男,70,湖南省 衡阳市 常宁市
431225199209168032,1992/9/16,男,32,湖南省 怀化市 会同县
430211198807182797,1988/7/18,男,36,湖南省 株洲市 天元区
430528198610300378,1986/10/30,男,38,湖南省 邵阳市 新宁县
43092319950627731X,1995/6/27,男,29,湖南省 益阳市 安化县
430682200610069990,2006/10/6,男,18,湖南省 岳阳市 临湘市
431081199603099557,1996/3/9,男,28,湖南省 郴州市 资兴市
433125200711277738,2007/11/27,男,17,湖南省 湘西土家族苗族自治州 保靖县
430529199802076375,1998/2/7,男,26,湖南省 邵阳市 城步苗族自治县
430721197901197851,1979/1/19,男,45,湖南省 常德市 安乡县
430408201911155278,2019/11/15,男,5,湖南省 衡阳市 蒸湘区
433130198308262350,1983/8/26,男,41,湖南省 湘西土家族苗族自治州 龙山县
433123194808051312,1948/8/5,男,76,湖南省 湘西土家族苗族自治州 凤凰县
430611201009226456,2010/9/22,男,14,湖南省 岳阳市 君山区
430304202202209599,2022/2/20,男,2,湖南省 湘潭市 岳塘区
430426199407088013,1994/7/8,男,30,湖南省 衡阳市 祁东县
430121199311249734,1993/11/24,男,31,湖南省 长沙市 长沙县
430527196312246099,1963/12/24,男,60,湖南省 邵阳市 绥宁县
430502197911154214,1979/11/15,男,45,湖南省 邵阳市 双清区
431230197701194015,1977/1/19,男,47,湖南省 怀化市 通道侗族自治县
513231197301015733,1973/1/1,男,51,四川省 阿坝藏族羌族自治州 阿坝县
51172419540403661X,1954/4/3,男,70,四川省 达州市 大竹县
513437200601046770,2006/1/4,男,18,四川省 凉山彝族自治州 雷波县
511921198508268832,1985/8/26,男,39,四川省 巴中市 通江县
51132519911224695X,1991/12/24,男,32,四川省 南充市 西充县
511425199301210011,1993/1/21,男,31,四川省 眉山市 青神县
510183201704301010,2017/4/30,男,7,四川省 成都市 邛崃市
511502200510141274,2005/10/14,男,19,四川省 宜宾市 翠屏区
51152319580201067X,1958/2/1,男,66,四川省 宜宾市 江安县
510184200011231752,2000/11/23,男,24,四川省 成都市 崇州市
510802195107144012,1951/7/14,男,73,四川省 广元市 利州区
513337200209221938,2002/9/22,男,22,四川省 甘孜藏族自治州 稻城县
513221202111044833,2021/11/4,男,3,四川省 阿坝藏族羌族自治州 汶川县
511602199412066530,1994/12/6,男,30,四川省 广安市 广安区
510703200802089013,2008/2/8,男,16,四川省 绵阳市 涪城区
513328197011047953,1970/11/4,男,54,四川省 甘孜藏族自治州 甘孜县
511525198901167097,1989/1/16,男,35,四川省 宜宾市 高县
513429198106119434,1981/6/11,男,43,四川省 凉山彝族自治州 布拖县
511322199309221079,1993/9/22,男,31,四川省 南充市 营山县
513221201911129398,2019/11/12,男,5,四川省 阿坝藏族羌族自治州 汶川县
51343319521220959X,1952/12/20,男,71,四川省 凉山彝族自治州 冕宁县
511525201410240370,2014/10/24,男,10,四川省 宜宾市 高县
511528199308197010,1993/8/19,男,31,四川省 宜宾市 兴文县
51170219660423545X,1966/4/23,男,58,四川省 达州市 通川区
511504199707060838,1997/7/6,男,27,四川省 宜宾市 叙州区
511132194506201770,1945/6/20,男,79,四川省 乐山市 峨边彝族自治县
51062319781213547X,1978/12/13,男,46,四川省 德阳市 中江县
51343019610303575X,1961/3/3,男,63,四川省 凉山彝族自治州 金阳县
511526201302070155,2013/2/7,男,11,四川省 宜宾市 珙县
513430195212235932,1952/12/23,男,71,四川省 凉山彝族自治州 金阳县
51330120120305695X,2012/3/5,男,12,四川省 甘孜藏族自治州 康定市
512021202405243430,2024/5/24,男,0,四川省 资阳市 安岳县
513221201807202858,2018/7/20,男,6,四川省 阿坝藏族羌族自治州 汶川县
510114197706242438,1977/6/24,男,47,四川省 成都市 新都区
510503195011278358,1950/11/27,男,74,四川省 泸州市 纳溪区
51068219791101733X,1979/11/1,男,45,四川省 德阳市 什邡市
511703197611176313,1976/11/17,男,48,四川省 达州市 达川区
510181200303164556,2003/3/16,男,21,四川省 成都市 都江堰市
513332198204260039,1982/4/26,男,42,四川省 甘孜藏族自治州 石渠县
511526195404177019,1954/4/17,男,70,四川省 宜宾市 珙县
513223201612171759,2016/12/17,男,8,四川省 阿坝藏族羌族自治州 茂县
513433198708114037,1987/8/11,男,37,四川省 凉山彝族自治州 冕宁县
51081220031218129X,2003/12/18,男,20,四川省 广元市 朝天区
510113195211160371,1952/11/16,男,72,四川省 成都市 青白江区
510981199012105431,1990/12/10,男,34,四川省 遂宁市 射洪市
51192219700606337X,1970/6/6,男,54,四川省 巴中市 南江县
511527200503224116,2005/3/22,男,19,四川省 宜宾市 筠连县
51323319600414449X,1960/4/14,男,64,四川省 阿坝藏族羌族自治州 红原县
510421199210265176,1992/10/26,男,32,四川省 攀枝花市 米易县
513222195005165854,1950/5/16,男,74,四川省 阿坝藏族羌族自治州 理县
511002198503061279,1985/3/6,男,39,四川省 内江市 市中区
510726196411059250,1964/11/5,男,60,四川省 绵阳市 北川羌族自治县
510503200704082298,2007/4/8,男,17,四川省 泸州市 纳溪区
511002198609278310,1986/9/27,男,38,四川省 内江市 市中区
513335200412112419,2004/12/11,男,20,四川省 甘孜藏族自治州 巴塘县
511527199011039111,1990/11/3,男,34,四川省 宜宾市 筠连县
513428199912024876,1999/12/2,男,25,四川省 凉山彝族自治州 普格县
513327196108196698,1961/8/19,男,63,四川省 甘孜藏族自治州 炉霍县
512002198803157775,1988/3/15,男,36,四川省 资阳市 雁江区
513223195912089054,1959/12/8,男,65,四川省 阿坝藏族羌族自治州 茂县
510812201312218616,2013/12/21,男,10,四川省 广元市 朝天区
510504196705057817,1967/5/5,男,57,四川省 泸州市 龙马潭区
511623197003135497,1970/3/13,男,54,四川省 广安市 邻水县
511602196304031716,1963/4/3,男,61,四川省 广安市 广安区
513221195212047539,1952/12/4,男,72,四川省 阿坝藏族羌族自治州 汶川县
513325198305080594,1983/5/8,男,41,四川省 甘孜藏族自治州 雅江县
510821201510311930,2015/10/31,男,9,四川省 广元市 旺苍县
513425198102241293,1981/2/24,男,43,四川省 凉山彝族自治州 会理县
510502200610247251,2006/10/24,男,18,四川省 泸州市 江阳区
511304202411052074,2024/11/5,男,0,四川省 南充市 嘉陵区
510411199207293579,1992/7/29,男,32,四川省 攀枝花市 仁和区
510303196812168515,1968/12/16,男,56,四川省 自贡市 贡井区
510821194810283297,1948/10/28,男,76,四川省 广元市 旺苍县
510107198709135639,1987/9/13,男,37,四川省 成都市 武侯区
511381197607073554,1976/7/7,男,48,四川省 南充市 阆中市
510116197809056972,1978/9/5,男,46,四川省 成都市 双流区
510422196911141451,1969/11/14,男,55,四川省 攀枝花市 盐边县
510132198909266453,1989/9/26,男,35,四川省 成都市 新津县
510522196005155478,1960/5/15,男,64,四川省 泸州市 合江县
511523199411124352,1994/11/12,男,30,四川省 宜宾市 江安县
511702197209233598,1972/9/23,男,52,四川省 达州市 通川区
513225201306025051,2013/6/2,男,11,四川省 阿坝藏族羌族自治州 九寨沟县
511325196404220037,1964/4/22,男,60,四川省 南充市 西充县
510129197509212314,1975/9/21,男,49,四川省 成都市 大邑县
510603195610263575,1956/10/26,男,68,四川省 德阳市 旌阳区
511623197608091212,1976/8/9,男,48,四川省 广安市 邻水县
511424196002099894,1960/2/9,男,64,四川省 眉山市 丹棱县
512022197112120659,1971/12/12,男,53,四川省 资阳市 乐至县
513324196503014357,1965/3/1,男,59,四川省 甘孜藏族自治州 九龙县
513433198011222791,1980/11/22,男,44,四川省 凉山彝族自治州 冕宁县
510302198112123853,1981/12/12,男,43,四川省 自贡市 自流井区
510121196601197414,1966/1/19,男,58,四川省 成都市 金堂县
511303196310174895,1963/10/17,男,61,四川省 南充市 高坪区
632623201111010891,2011/11/1,男,13,青海省 果洛藏族自治州 甘德县
63020320190405799X,2019/4/5,男,5,青海省 海东市 平安区
632623196005052795,1960/5/5,男,64,青海省 果洛藏族自治州 甘德县
632726201502072875,2015/2/7,男,9,青海省 玉树藏族自治州 曲麻莱县
632803195401168619,1954/1/16,男,70,青海省 海西蒙古族藏族自治州 茫崖市
632224201312012054,2013/12/1,男,11,青海省 海北藏族自治州 刚察县
632701196610149891,1966/10/14,男,58,青海省 玉树藏族自治州 玉树市
632821195104023379,1951/4/2,男,73,青海省 海西蒙古族藏族自治州 乌兰县
632324200409271010,2004/9/27,男,20,青海省 黄南藏族自治州 河南蒙古族自治县
630121199610219815,1996/10/21,男,28,青海省 西宁市 大通回族土族自治县
632724196302062633,1963/2/6,男,61,青海省 玉树藏族自治州 治多县
63262419710529491X,1971/5/29,男,53,青海省 果洛藏族自治州 达日县
632803200810067417,2008/10/6,男,16,青海省 海西蒙古族藏族自治州 茫崖市
632803195012105999,1950/12/10,男,74,青海省 海西蒙古族藏族自治州 茫崖市
632821194707142073,1947/7/14,男,77,青海省 海西蒙古族藏族自治州 乌兰县
630202199401285118,1994/1/28,男,30,青海省 海东市 乐都区
630122201108237272,2011/8/23,男,13,青海省 西宁市 湟中县
630223194507285377,1945/7/28,男,79,青海省 海东市 互助土族自治县
630202195405289134,1954/5/28,男,70,青海省 海东市 乐都区
632626202102027732,2021/2/2,男,3,青海省 果洛藏族自治州 玛多县
632622201106113910,2011/6/11,男,13,青海省 果洛藏族自治州 班玛县
632523195106083953,1951/6/8,男,73,青海省 海南藏族自治州 贵德县
632321195512205596,1955/12/20,男,68,青海省 黄南藏族自治州 同仁县
632525196403247034,1964/3/24,男,60,青海省 海南藏族自治州 贵南县
632722201004083656,2010/4/8,男,14,青海省 玉树藏族自治州 杂多县
630104194508255933,1945/8/25,男,79,青海省 西宁市 城西区
632322199601167936,1996/1/16,男,28,青海省 黄南藏族自治州 尖扎县
632224196706110956,1967/6/11,男,57,青海省 海北藏族自治州 刚察县
632621199009158096,1990/9/15,男,34,青海省 果洛藏族自治州 玛沁县
632822202311243111,2023/11/24,男,1,青海省 海西蒙古族藏族自治州 都兰县
630102199911168274,1999/11/16,男,25,青海省 西宁市 城东区
630222194709187357,1947/9/18,男,77,青海省 海东市 民和回族土族自治县
632625202302247215,2023/2/24,男,1,青海省 果洛藏族自治州 久治县
63280219831208113X,1983/12/8,男,41,青海省 海西蒙古族藏族自治州 德令哈市
632622196203176995,1962/3/17,男,62,青海省 果洛藏族自治州 班玛县
630203196911245370,1969/11/24,男,55,青海省 海东市 平安区
630105194909269056,1949/9/26,男,75,青海省 西宁市 城北区
63012220190302353X,2019/3/2,男,5,青海省 西宁市 湟中县
630122198404056797,1984/4/5,男,40,青海省 西宁市 湟中县
632723195302191514,1953/2/19,男,71,青海省 玉树藏族自治州 称多县
630123201607268491,2016/7/26,男,8,青海省 西宁市 湟源县
630103197304144737,1973/4/14,男,51,青海省 西宁市 城中区
632622202308209771,2023/8/20,男,1,青海省 果洛藏族自治州 班玛县
632626199011078679,1990/11/7,男,34,青海省 果洛藏族自治州 玛多县
632701196608272479,1966/8/27,男,58,青海省 玉树藏族自治州 玉树市
632821195603127818,1956/3/12,男,68,青海省 海西蒙古族藏族自治州 乌兰县
632524198006135373,1980/6/13,男,44,青海省 海南藏族自治州 兴海县
630104196509123173,1965/9/12,男,59,青海省 西宁市 城西区
632221195806027670,1958/6/2,男,66,青海省 海北藏族自治州 门源回族自治县
63022420020320611X,2002/3/20,男,22,青海省 海东市 化隆回族自治县
632822198802011877,1988/2/1,男,36,青海省 海西蒙古族藏族自治州 都兰县
632725197212318915,1972/12/31,男,51,青海省 玉树藏族自治州 囊谦县
630121199802138331,1998/2/13,男,26,青海省 西宁市 大通回族土族自治县
632224194805110696,1948/5/11,男,76,青海省 海北藏族自治州 刚察县
632726202003308577,2020/3/30,男,4,青海省 玉树藏族自治州 曲麻莱县
632723199301230516,1993/1/23,男,31,青海省 玉树藏族自治州 称多县
632625195501184752,1955/1/18,男,69,青海省 果洛藏族自治州 久治县
630223195812193959,1958/12/19,男,65,青海省 海东市 互助土族自治县
632722199009138257,1990/9/13,男,34,青海省 玉树藏族自治州 杂多县
632625201808128518,2018/8/12,男,6,青海省 果洛藏族自治州 久治县
630105198309158051,1983/9/15,男,41,青海省 西宁市 城北区
632622198104242597,1981/4/24,男,43,青海省 果洛藏族自治州 班玛县
632621198810076331,1988/10/7,男,36,青海省 果洛藏族自治州 玛沁县
630122200409161596,2004/9/16,男,20,青海省 西宁市 湟中县
630224194903295776,1949/3/29,男,75,青海省 海东市 化隆回族自治县
632802201005292898,2010/5/29,男,14,青海省 海西蒙古族藏族自治州 德令哈市
632524200510230855,2005/10/23,男,19,青海省 海南藏族自治州 兴海县
632323200612232918,2006/12/23,男,17,青海省 黄南藏族自治州 泽库县
63262219760914615X,1976/9/14,男,48,青海省 果洛藏族自治州 班玛县
632521196004108250,1960/4/10,男,64,青海省 海南藏族自治州 共和县
632521197411250216,1974/11/25,男,50,青海省 海南藏族自治州 共和县
632221196912309617,1969/12/30,男,54,青海省 海北藏族自治州 门源回族自治县
632321200708059619,2007/8/5,男,17,青海省 黄南藏族自治州 同仁县
632323197605175711,1976/5/17,男,48,青海省 黄南藏族自治州 泽库县
632525198411038696,1984/11/3,男,40,青海省 海南藏族自治州 贵南县
632822198906162258,1989/6/16,男,35,青海省 海西蒙古族藏族自治州 都兰县
632322197208041414,1972/8/4,男,52,青海省 黄南藏族自治州 尖扎县
632524201505118134,2015/5/11,男,9,青海省 海南藏族自治州 兴海县
630222195608123893,1956/8/12,男,68,青海省 海东市 民和回族土族自治县
63272619690111643X,1969/1/11,男,55,青海省 玉树藏族自治州 曲麻莱县
632822198110299291,1981/10/29,男,43,青海省 海西蒙古族藏族自治州 都兰县
630121202007159912,2020/7/15,男,4,青海省 西宁市 大通回族土族自治县
632802199610031119,1996/10/3,男,28,青海省 海西蒙古族藏族自治州 德令哈市
632521195504078495,1955/4/7,男,69,青海省 海南藏族自治州 共和县
630123197411280078,1974/11/28,男,50,青海省 西宁市 湟源县
632223200009073291,2000/9/7,男,24,青海省 海北藏族自治州 海晏县
632625200405256852,2004/5/25,男,20,青海省 果洛藏族自治州 久治县
630121195112015811,1951/12/1,男,73,青海省 西宁市 大通回族土族自治县
632322198710023777,1987/10/2,男,37,青海省 黄南藏族自治州 尖扎县
632323199010077038,1990/10/7,男,34,青海省 黄南藏族自治州 泽库县
632525195510300457,1955/10/30,男,69,青海省 海南藏族自治州 贵南县
632625199904191971,1999/4/19,男,25,青海省 果洛藏族自治州 久治县
63012119760908191X,1976/9/8,男,48,青海省 西宁市 大通回族土族自治县
632521199904182257,1999/4/18,男,25,青海省 海南藏族自治州 共和县
630222196810293858,1968/10/29,男,56,青海省 海东市 民和回族土族自治县
632222202008082877,2020/8/8,男,4,青海省 海北藏族自治州 祁连县
63010519571028195X,1957/10/28,男,67,青海省 西宁市 城北区
632822200409121391,2004/9/12,男,20,青海省 海西蒙古族藏族自治州 都兰县
63012119981118601X,1998/11/18,男,26,青海省 西宁市 大通回族土族自治县
632701200601242057,2006/1/24,男,18,青海省 玉树藏族自治州 玉树市
654324198912310414,1989/12/31,男,34,新疆维吾尔自治区 阿勒泰地区 哈巴河县
652701196806286074,1968/6/28,男,56,新疆维吾尔自治区 博尔塔拉蒙古自治州 博乐市
653201201004088698,2010/4/8,男,14,新疆维吾尔自治区 和田地区 和田市
654223196307085676,1963/7/8,男,61,新疆维吾尔自治区 塔城地区 沙湾县
652922198704149433,1987/4/14,男,37,新疆维吾尔自治区 阿克苏地区 温宿县
654028200609248434,2006/9/24,男,18,新疆维吾尔自治区 伊犁哈萨克自治州 尼勒克县
653121198408020492,1984/8/2,男,40,新疆维吾尔自治区 喀什地区 疏附县
65312819810201983X,1981/2/1,男,43,新疆维吾尔自治区 喀什地区 岳普湖县
652825198306204373,1983/6/20,男,41,新疆维吾尔自治区 巴音郭楞蒙古自治州 且末县
654201199401297830,1994/1/29,男,30,新疆维吾尔自治区 塔城地区 塔城市
